"pattern_name","filename","originator","pattern_type","image_source_url","image_source","status"
"Albie Whore","albie-whore.jpg","Richard Reagan","baitfish","https://bearsden.com/cdn/shop/products/IMG_4785.jpg?v=1691516687&width=1080","Bear's Den Fly Fishing Co. product photo — clean square background, clear side profile","ok"
"Alphlexo Crab","alphlexo-crab.webp","James Christmas / Alec Gerbec (Umpqua)","crab","https://www.superflies.com/wp-content/uploads/2023/02/alphlexo-crab-original-superflies_jpg.webp","Superflies.com product photo — Alphlexo Crab Original, clean side profile on white background","ok"
"Andino Deceiver","andino-deceiver.jpg","Bob Popovics / Jimmy Andino (2000s)","baitfish","https://bigyflyco.com/cdn/shop/files/20230712_132017_1051x700.jpg?v=1689193558","Big Y Fly Co product photo, clean background, clear side profile of weighted Andino Deceiver","ok"
"Apte II Tarpon Fly","apte-ii-tarpon-fly.jpg","Stu Apte","streamer","https://cdn11.bigcommerce.com/s-2iqsrmv4m0/products/593/images/979/Apte-II-Tarpon-Fly__65938__39191.1544756164.386.513.jpg?c=2","reelflies.com — commercial product photo, white background, fly on hook","ok"
"Articulated Baitfish","articulated-baitfish.jpg","Stephen Chatterton","baitfish","https://fishonfly.com.au/wp-content/uploads/2019/10/ripper-a.jpg","fishonfly.com.au — Stephen Chatterton's articulated baitfish pattern page","ok"
"Atlantic Sardine Baitfish","","","baitfish","","No specific photo found; West African sardine baitfish patterns are not commercially photographed","no_url"
"Avalon Permit Fly","avalon-permit-fly.jpg","Mauro Ginevri (Cayo Largo, Cuba, c. 2000s)","shrimp","https://cdn.shopify.com/s/files/1/0211/7110/products/avalon-permit-fly.jpg","Pacific Fly Fishers fly shop product photo, clean square image","ok"
"Avalon Tarpon Fly","avalon-tarpon-fly.jpg","Mauro Ginevri (2009)","streamer","https://blog.saltyflytying.com/wp-content/uploads/2013/03/Avalon3.jpg","blog.saltyflytying.com — tying authority blog credited to Mauro Ginevri; note this image may show the Avalon permit variant rather than the specific tarpon version","ok"
"Bauer Crab","bauer-crab.jpg","Will Bauer (1980s)","crab","https://www.fullingmill.com/94627.jpg","Fulling Mill product photo — Tungsten Bauer Crab Tan, high-resolution clean white background","ok"
"Beast Fleye","beast-fleye.jpg","","baitfish","https://www.aos.cc/media/catalog/product/cache/e9a3ba468fa12d1c1f06bb0545e99349/b/e/beast_fleye_80_olive_green_back-min.jpg","AOS fly shop product photo — clean white background, clear side profile of olive Beast Fleye","ok"
"Bedhead","","Alphonse Fishing Co. guides (Seychelles, c. 2015)","crab","","No specific Bedhead crab image found in searched sources (Alphonse FC, SaltFlyPro, BigTimeFLies, Fulling Mill)","no_url"
"Big Eye Tarpon","big-eye-tarpon.jpg","Bob LeMay","streamer","https://cdn.shoplightspeed.com/shops/607904/files/7920515/bigeye-tarpon-small.jpg","floridakeysoutfitters.com — specialist fly shop, clean product photo, correctly named","ok"
"Big Eye Tuna Fly","big-eye-tuna-fly.jpg","","baitfish","https://cdn11.bigcommerce.com/s-yjvvzszzfj/images/stencil/1280x1280/products/16341/16346/Big_Eye_Baitfish_Rogers_Herring__32112.1574279590.jpg?c=2","Umpqua Feather Merchants product photo — Big Eye Baitfish, closest commercially available match with prominent 3D eyes","ok"
"Big Game Brush Fly","big-game-brush-fly.png","Flymen Fishing Company (based on Seychelles GT patterns)","streamer","https://flymenfishingcompany.com/cdn/shop/files/Fish-Skull_Big_Game_Brush_Flies_Grey.png?v=1751468839","flymenfishingcompany.com — manufacturer product photo, white background, correct pattern","ok"
"Bird Dog (Captain Sullivan's)","bird-dog-captain-sullivans.jpg","Capt. Jason Sullivan","baitfish","https://news.orvis.com/wp-content/uploads/2021/11/sully2.jpg","Orvis News editorial article — '3 Guide-Tested Patterns for Everglades National Park'","ok"
"Black & Purple Tarpon Toad","black-purple-tarpon-toad.jpg","","streamer","http://bigtimeflies.com/cdn/shop/products/tarpon-toad-small-purple-black_800x.jpg?v=1586559781","bigtimeflies.com — Tarpon Toad Purple/Black product photo","ok"
"Black 'n' Barred","","","streamer","","No specific photo found; this Australian regional variant is not commercially catalogued","no_url"
"Black Brush Fly","black-brush-fly.webp","","baitfish","https://www.superflies.com/wp-content/uploads/2020/11/gt-brush-fly-black-superflies_jpg.webp","Superflies.com professional GT fly shop product shot, clean background","ok"
"Black Death","black-death.jpg","Stu Apte","streamer","https://bigtimeflies.com/cdn/shop/products/black-death-tarpon-fly.jpg?v=1586636004","BigTime Flies shop — Black Death tarpon fly, clean square product photo","ok"
"Black Magic","black-magic.jpg","","shrimp","https://i.etsystatic.com/26621096/r/il/61fd39/7406903929/il_fullxfull.7406903929_sy4v.jpg","Etsy seller product photo of black saltwater shrimp/redfish fly on white background","ok"
"Blue/White Pacific Billfish Streamer","blue-white-pacific-billfish-streamer.jpg","","streamer","https://i.etsystatic.com/13339222/r/il/324db5/6752758399/il_fullxfull.6752758399_7u72.jpg","etsy.com — representative blue/white billfish tube fly; generic class pattern, no single originator","ok"
"Bonefish Bitters","bonefish-bitters.webp","Craig Mathews (1980s)","shrimp","https://assets.orvis.com/is/image/orvisprd/1X1X439W_?wid=1280&src=is($object$:1-1)&qlt=85&resMode=sharp2&op_usm=1.75,0.3,2,0","Orvis product photo, clean white background, clear side profile of Bonefish Bitters","ok"
"Bonefish Scampi","bonefish-scampi.jpg","","shrimp","https://www.saltwaterflies.com/banded_scampi_side.jpg","SaltwaterFlies.com side-profile product shot, clean background","ok"
"Bonefish Special","bonefish-special.jpg","","shrimp","http://bearsden.com/cdn/shop/files/IMG_6319.jpg?v=1721143437","Bear's Den Fly Shop — Bonefish Special product page","ok"
"Bonefish Toad","bonefish-toad.jpg","","other","https://www.flyfishbonehead.com/wp-content/uploads/2015/07/bonefish-toad-bonefish-fly-fly-tying-videos-for-bonefish.jpg","FlyFishBonehead dedicated Bonefish Toad page — clear close-up photo of the tied fly","ok"
"Borski Slider","borski-slider.webp","Tim Borski","slider","https://assets.orvis.com/is/image/orvisprd/018Y009W_?wid=1280&src=is($object$:1-1)&qlt=85&resMode=sharp2&op_usm=1.75,0.3,2,0","Orvis product photo, white background, clean side profile of Borski Bonefish Slider","ok"
"Borski's Orange Butt Tarpon","borskis-orange-butt-tarpon.png","Tim Borski (Florida Keys)","streamer","https://cdn11.bigcommerce.com/s-5020eou/images/stencil/1280x1280/products/2301/9635/050_300_side__88317.1448485287.png?c=2","RiverBum.com large side-profile product image on white background","ok"
"Brewer's Amber Shrimp","","","shrimp","","No specific Brewer's Amber Shrimp image found in searched fly shop databases or editorial sources","no_url"
"Brown Special Crab","","","crab","","No specific named-pattern photo found; search returned generic permit crab patterns only","no_url"
"Brush Popper","brush-popper.webp","","popper","https://assets.orvis.com/is/image/orvisprd/3R7C059W_?wid=1280&src=is($object$:1-1)&qlt=85&resMode=sharp2&op_usm=1.75,0.3,2,0","Orvis product photo — Mylar Popper saltwater fly, clean white background (closest generic saltwater popper available)","ok"
"Bunny Anchovy","","","baitfish","","No specific photo found; Honduras regional pattern not commercially sold","no_url"
"Bunny Bone","bunny-bone.jpg","","shrimp","https://www.saltwaterflies.com/bunny_bone_side.jpg","SaltwaterFlies.com dedicated Bunny Bone product page — clean side profile photo","ok"
"Cam Sigler Big Game Tube Fly (Tandem Rigged)","cam-sigler-big-game-tube-fly-tandem-rigged.jpg","Cam Sigler (1990s)","streamer","https://cdn.shoplightspeed.com/shops/618341/files/52598621/1500x4000x3/cam-sigler-cam-sigler-big-game-tube-flies-unrigged.jpg","royaltreatmentflyfishing.com — fly shop commercial product photo of actual Cam Sigler Big Game Tube Flies","ok"
"Cam Sigler Mega Marlin Tube Fly","cam-sigler-mega-marlin-tube-fly.jpg","Cam Sigler (2000s)","streamer","https://www.camsigler.com/flies/MegaMarlinLg.JPG","camsigler.com — originator's own website, correctly labeled Mega Marlin fly","ok"
"Candy — Pelagic","candy-pelagic.jpg","Stephen Chatterton","baitfish","https://fishonfly.com.au/wp-content/uploads/2019/03/candy-pelagics.jpg","fishonfly.com.au — Stephen Chatterton's own fly tying website, article titled 'Candy – pelagic'","ok"
"Casa Blanca Crab (Cuban)","casa-blanca-crab-cuban.jpg","","crab","https://fishtalesflyshop.com/cdn/shop/files/aqua_flies_casa_blanca_crab_saltwater_flats_fly_white.jpg?v=1743795785&width=600","fishtalesflyshop.com — fly shop commercial product photo of Casa Blanca Crab; note this is a generic variant, not verified as the specific Cuban version","ok"
"Casa Blanca Raghead","casa-blanca-raghead.jpg","","crab","https://redsflyfishing.com/cdn/shop/products/iCB003t_a3eb5546-fe6e-4fa3-adb6-ed43e59f2041_813x700.jpg?v=1607026877","Red's Fly Shop product photo — Casa Blanca Raghead Crab by Rainy's, clean side profile","ok"
"Cayman Sleek","","","shrimp","","No verifiable photo found for this specific named pattern","no_url"
"CF Baitfish","cf-baitfish.jpg","","baitfish","https://www.theflyfishers.com/Content/files/ProductImages/0000001734.jpg?width=1000&height=800&mode=max","The Fly Fishers shop product photo of CF Baitfish fly on plain background","ok"
"Chatto's Baitfish","","Stephen Chatterton","baitfish","","No specific photo found; regional Queensland tier pattern with limited online presence","no_url"
"Chernobyl Crab","chernobyl-crab.jpg","","crab","http://jacksonholeflycompany.com/cdn/shop/products/chernobyl-crab-or-jackson-hole-fly-company.jpg?v=1721402298","Jackson Hole Fly Company overhead product shot on neutral background","ok"
"Chicone's Crusher Leg Gotcha","chicones-crusher-leg-gotcha.jpg","Drew Chicone","shrimp","https://www.saltyflytying.com/cdn/shop/products/new-crusher-legs-fly1_1024x1024@2x.jpg?v=1595849118","SaltyFlyTying.com — Chicone's Crusher Legs fly finished product, clean square background","ok"
"Chicone's Disco Shrimp","chicones-disco-shrimp.jpg","Drew Chicone","attractor","https://cdn.shopify.com/s/files/1/0022/7298/5154/files/disco-shrimp-tan-cmyk__95862.jpg?v=1744484094","Salt Fly Pro (saltflypro.com) — Umpqua Disco Shrimp Chicone Tan product listing","ok"
"Chicone's Optical Illusion","chicones-optical-illusion.jpg","Drew Chicone","shrimp","https://blog.saltyflytying.com/wp-content/uploads/2013/03/Tranqu-Hill-izer.jpg","SaltyFlyTying blog — Drew Chicone fly tying photo (Chicone pattern, not confirmed as Optical Illusion specifically)","ok"
"Chili Pepper","chili-pepper.jpg","Moana Koffe","shrimp","https://www.saltwaterflies.com/chili_pepper_bc_eye_side.jpg","SaltwaterFlies.com — Moana's Chili Pepper bonefish fly, side profile with bead-chain eyes","ok"
"Christmas Island Special","christmas-island-special.gif","Randall Kaufmann","shrimp","https://alaskaflyfishinggoods.com/wp-content/uploads/product_images/cxsp_orange.gif","Alaska Fly Fishing Goods product photo, orange Christmas Island Special on plain background","ok"
"Clouser Deep Minnow","clouser-deep-minnow.jpg","Bob Clouser (mid-1980s)","baitfish","https://clousersflyfishing.com/cdn/shop/files/0d8a5bf2700850ddec227adc59d8e8a8.jpg?v=1700235655","Clouser's own fly fishing shop — Clouser Minnow for Bonefish, source shop","ok"
"Clouser Swimming Nymph / Bendback","clouser-swimming-nymph-bendback.jpg","Bob Clouser","other","http://clousersflyfishing.com/cdn/shop/files/IMG_9121.jpg?v=1740748935","Clouser's Fly Shop — Clouser Swimming Nymph, the originator's own shop photo","ok"
"Cockroach","cockroach.png","Norman Duncan (early 1960s)","streamer","http://catalog.theflyshop.com/cdn/shop/files/292F_Cockroach.png?v=1769535469","The Fly Shop catalog — clean square product photo of the Cockroach on white background","ok"
"Cowen's Coyote","cowens-coyote.jpg","Henry Cowen (early 2000s)","attractor","https://cdn11.bigcommerce.com/s-yjvvzszzfj/images/stencil/1280x1280/products/11528/10829/Coyote_Cowens_BluCharWht__42076.1574077695.jpg?c=2","umpqua.com — commercial manufacturer product photo, white background, correctly labeled Cowen's Coyote","ok"
"Cowen's Magnum Baitfish","cowens-magnum-baitfish.jpg","Henry Cowen","baitfish","https://www.henrycowenflyfishing.com/flies_files/CowensBaitfish.jpg","HenryCowenFlyfishing.com — originator's own site, direct photo of Cowen's Baitfish","ok"
"Craven's Bonefish Junk","cravens-bonefish-junk.jpg","Charlie Craven","shrimp","http://charliesflybox.com/cdn/shop/files/BonefishJunk_Craven_s.jpg?v=1770407465","charliesflybox.com — Charlie Craven's own fly shop product photo","ok"
"Crazy Charlie","crazy-charlie.jpg","Charlie Smith / Bob Nauheim (1977)","shrimp","https://upload.wikimedia.org/wikipedia/commons/1/15/Crazy_Charlie_White.jpg","Wikipedia commons high-resolution white Crazy Charlie fly on clean background, authoritative reference","ok"
"Crease Fly","crease-fly.jpg","Joe Blados","popper","https://bearsden.com/cdn/shop/products/Creasefly_black__09152_1800x1800.jpg?v=1657826623","Bear's Den Fly Fishing — Umpqua Blados' Crease Fly, clean white background","ok"
"Crystal Popper","crystal-popper.png","Bob Popovics","popper","https://s.turbifycdn.com/aah/yhst-17105658520519/crystal-popper-92.png","Caddis Fly Shop — Crystal Popper from Solitude Fly Co., product photo transparent background","ok"
"Crystal Schminnow","crystal-schminnow.jpg","Capt. Norm Zeigler","shrimp","https://www.superflies.com/wp-content/uploads/2021/06/norms-crystal-sanibel-schminnow-superflies.jpg","Superflies.com product photo of Norm's Crystal Schminnow — clear side profile on neutral background","ok"
"Cuban Mantis Shrimp","cuban-mantis-shrimp.jpg","","mantis","https://www.saltwaterflies.com/veverkas_mantis.jpg","saltwaterflies.com — authoritative fly retailer; shows Veverka Mantis Shrimp, a closely related Cuban mantis pattern; no specific Cuban Mantis Shrimp product photo found","ok"
"Cubera Diver (Dahlberg Style)","cubera-diver-dahlberg-style.jpg","Ed Truter (rec. c. 2015)","streamer","https://cdn11.bigcommerce.com/s-yjvvzszzfj/images/stencil/500x659/products/11362/10511/diving-bug-dahlberg-frog__50122.1574076492.jpg?c=2","Umpqua Feather Merchants — Dahlberg Diving Bug (Frog)","ok"
"Cuda Fly","cuda-fly.jpg","","streamer","https://www.theflyfishers.com/Content/files/ProductImages/Nightmare%20Needlefish.jpg?width=1000&height=800&mode=max","The Fly Fishers shop — Nightmare Needlefish, closest named-pattern commercial needlefish fly with clean presentation","ok"
"Dahlberg Diver","dahlberg-diver.jpg","Larry Dahlberg","popper","https://ahrexhooks.com/wp-content/uploads/2022/11/Multi-Colour-Diver-by-TP610-by-Andreas-Andersson-03-1024x792.jpg","Ahrex Hooks Dahlberg Diver tying article, high-quality photo of finished deer-hair diver","ok"
"Deceiver (Heavy Wire / Bluefish Variant)","deceiver-heavy-wire-bluefish-variant.jpg","Lefty Kreh","streamer","https://bigyflyco.com/cdn/shop/files/20260317_142416.jpg?v=1773784996&width=1946","Big Y Fly Co — Lefty's Deceiver professional product photo","ok"
"Del Brown's Permit Fly (Merkin)","del-browns-permit-fly-merkin.webp","Del Brown / Steve Huff","crab","https://assets.orvis.com/is/image/orvisprd/29KX009W_?wid=1024&src=is($object$:1-1)&qlt=85&resMode=sharp2&op_usm=1.75,0.3,2,0","Orvis product photo — Merkin Crab permit fly, clean white background professional shot","ok"
"DMA (Dark Marabou Anchovy)","","Conrad Botes (c. 2015)","baitfish","","No specific DMA image found; pattern referenced in The Mission Fly Fishing Magazine and Tourette Fishing but no product photography retrieved","no_url"
"Dogtooth Tuna Tube Fly","dogtooth-tuna-tube-fly.jpg","","baitfish","https://flyfishingmaldives.com/wp-content/uploads/2021/09/Huchen-tube-fly-flash.jpg","flyfishingmaldives.com — tube fly product for Maldives dogtooth tuna fishing","ok"
"Drum Beater","drum-beater.jpg","","crab","https://cdn11.bigcommerce.com/s-yjvvzszzfj/images/stencil/1280x1280/products/11512/17132/Drum-beater-olive-pink__94615.1771544205.jpg?c=2","Umpqua Feather Merchants official product photo — clean white background, clear side profile","ok"
"EP Anchovy","ep-anchovy.jpg","Enrico Puglisi","baitfish","https://www.tridentflyfishing.com/cdn/shop/files/enrico-puglisi-flies-ep-anchovy-fly-1199965200.jpg?v=1761731656&width=1920","Trident Fly Fishing shop — EP Anchovy Fly product photo, professional full-resolution","ok"
"EP Backcountry Baitfish","ep-backcountry-baitfish.jpg","Enrico Puglisi","baitfish","https://www.saltwaterflies.com/ep_backcountry_brown_orange.jpg","SaltwaterFlies.com product photo of EP Backcountry Baitfish in brown/orange on white","ok"
"EP Baitfish","ep-baitfish.jpg","Enrico Puglisi (early 1990s)","baitfish","https://feather-craft.com/cdn/shop/files/enrico-puglisi-enrico-puglisi-baitfish-imitations-20-2319430.jpg?v=1773344354&width=600","Feather Craft Fly Fishing — Enrico Puglisi Baitfish Imitations product photo","ok"
"EP Crab","ep-crab.jpg","Enrico Puglisi","crab","https://i.tackledirect.com/images/imgfull/enrico-puglisi-ep-permit-crab-saltwater-fly.jpg","TackleDirect — Enrico Puglisi EP Permit Crab, white background professional product photo","ok"
"EP Ghost Shrimp","ep-ghost-shrimp.jpg","Enrico Puglisi","shrimp","https://www.saltwaterflies.com/ghost_shrimp_tan.jpg","SaltwaterFlies.com product listing — clean side profile photo of EP Ghost Shrimp in tan","ok"
"EP GT's Sardina","ep-gts-sardina.jpg","Enrico Puglisi","baitfish","http://saltflypro.com/cdn/shop/files/EPGTSardina_3b047cec-ab0c-478e-ad7b-851a78fcdda0.jpg?v=1755053370","Salt Fly Pro shop — EP GT's Sardina 8/0, high-resolution product photo on white","ok"
"EP Micro Crab","ep-micro-crab.jpg","Enrico Puglisi","crab","https://www.saltwaterflies.com/ep_micro_crab.jpg","SaltwaterFlies.com product photo of EP Micro Crab, clear side profile on white background","ok"
"EP Minnow / Mullet","ep-minnow-mullet.jpg","Enrico Puglisi","baitfish","http://www.tridentflyfishing.com/cdn/shop/files/enrico-puglisi-flies-ep-mullet-fly-1199941020.jpg?v=1761734060","Trident Fly Fishing — EP Mullet Fly clean product photo","ok"
"EP Mullet","ep-mullet.jpg","Enrico Puglisi","baitfish","http://www.tridentflyfishing.com/cdn/shop/files/enrico-puglisi-flies-ep-mullet-fly-1199941020.jpg?v=1761734060","Trident Fly Fishing — EP Mullet Fly, large professional product photo","ok"
"EP Peanut Butter","ep-peanut-butter.png","Enrico Puglisi (2000s)","baitfish","https://www.tridentflyfishing.com/cdn/shop/files/enrico-puglisi-flies-ep-peanut-butter-fly-1199965103.png?v=1761683533&width=2250","tridentflyfishing.com — professional fly shop commercial product photo, white background, correctly labeled EP Peanut Butter Fly","ok"
"EP Spawning Shrimp","ep-spawning-shrimp.jpg","Enrico Puglisi","shrimp","https://www.yellowdogflyfishing.com/cdn/shop/files/00SH-S03-4wg_1216x.jpg?v=1743537615","Yellow Dog Flyfishing product photo — EP Spawning Shrimp (Presentation Lead) in tan, clean square image","ok"
"Fatboy","","","streamer","","No specific photo found; Australian regional pattern not commercially photographed","no_url"
"Flaming Lamborghini","flaming-lamborghini.jpg","Fulling Mill","baitfish","https://cdn.shopify.com/s/files/1/0022/7298/5154/products/93545_6b94419c-f966-4808-86ee-d9d355ff3847.jpg?v=1547692578","Salt Fly Pro (saltflypro.com) — Flaming Lamborgini GT Fly #6/0, Fulling Mill product listing","ok"
"Flashtail Whistler","flashtail-whistler.jpg","Dan Blanton","streamer","https://cdn11.bigcommerce.com/s-yjvvzszzfj/images/stencil/1280x1280/products/11380/17164/Flashtail_Whistler_Blanton_RedYel__51108.1575587625.jpg?c=2","Umpqua Feather Merchants product photo — Flashtail Whistler in red/yellow, clean white background","ok"
"Flashy Profile","flashy-profile.jpg","","baitfish","https://themissionflymag.com/wp-content/uploads/2023/07/img-214.jpg","The Mission Fly Mag article photo of Howe-style Flashy Profile fly, clear image of finished pattern","ok"
"Fleeing Crab","fleeing-crab.jpg","","crab","http://saltflypro.com/cdn/shop/files/Cathys_Fleeing_Crab_Beck_Tan__21669.jpg?v=1744921104","Salt Fly Pro — Umpqua Cathy's Fleeing Crab professional product photo","ok"
"Flexo Crab","flexo-crab.jpg","InTheRiffle team","crab","https://www.ashlandflyshop.com/cdn/shop/products/IMG_7442_2000x.jpg?v=1479590539","Ashland Fly Shop — Flexo Crab permit fly pattern, high-resolution clean background","ok"
"Flymen Sailfish Fly (Tandem Pink/White Tube)","flymen-sailfish-fly-tandem-pink-white-tube.png","Flymen Fishing Company (2010s)","streamer","https://www.yellowdogflyfishing.com/cdn/shop/files/Screenshot2024-12-23at10.22.15AM_grande.png?v=1734981512","yellowdogflyfishing.com — authoritative fly travel retailer, product photo of Flymen Sailfish Fly in white/pink tandem tube configuration","ok"
"Gabon Surf Clouser","gabon-surf-clouser.jpg","","baitfish","https://www.saltwaterflies.com/classic_deep_olive_white.jpg","saltwaterflies.com — Clouser Deep Minnow olive/white saltwater pattern","ok"
"Game Changer","game-changer.jpg","Blane Chocklett","baitfish","https://images.north40.com/images/1247321-P/BA_tfp_blane_chocklett_s_feather_game_changer_flymen___1247321-P__.jpg?width=800&format=pjpg","House of Fly — Chocklett's Feather Game Changer, retail product photo showing articulated profile","ok"
"Gartside Gurgler","gartside-gurgler.jpg","Jack Gartside (1988)","gurgler","https://cdn.shopify.com/s/files/1/0569/0877/5562/files/Gurgler-074.jpg?v=1644514443","Charlie's Fly Box clear product photo of Gartside's Gurgler, side profile on white","ok"
"Generic Baitfish Pattern (Needlefish / Offshore)","generic-baitfish-pattern-needlefish-offshore.jpg","","baitfish","http://saltflypro.com/cdn/shop/products/GarfishNeedlefishfly.jpg?v=1611688601","Salt Fly Pro — Beech's Garfish (Needlefish) fly product photo, clean side profile","ok"
"Ghetto Super Fly","ghetto-super-fly.jpg","Makani Christensen (Fly Fish Hawaii / Keawe Adventures)","mantis","https://lookaside.instagram.com/seo/google_widget/crawler/?media_id=3864330897718180412","instagram.com — originator's own account showing Ghetto Super Fly 10-pack product; Instagram source, no commercial shop photo found","ok"
"Golden Knight","","Alphonse Fishing Co. / FlyzInc (Seychelles, c. 2016)","shrimp","","No specific photo found; Alphonse/FlyzInc guide fly with limited commercial photography","no_url"
"Got Milk (Rio)","","Rio Products","attractor","","No product image found for Rio Got Milk in retail fly shop databases (farbank.com, SaltFlyPro, BigTimeFLies, Orvis) — may be discontinued or catalog-only","no_url"
"Grand Slam Crab","grand-slam-crab.webp","","crab","https://assets.orvis.com/is/image/orvisprd/1X57019W_?wid=1280&src=is($object$:1-1)&qlt=85&resMode=sharp2&op_usm=1.75,0.3,2,0","Orvis official product photo of Grand Slam Crab on clean white background","ok"
"Greg's Flats Fly","gregs-flats-fly.jpg","Greg Miheve","other","https://flyfishsd.com/cdn/shop/articles/IMG_0267.jpg?v=1686269680&width=1600","Dakota Angler & Outfitter blog — Greg's Flats Fly editorial photo, excellent detail","ok"
"Grim Reaper","grim-reaper.jpg","","streamer","https://www.theflyfishers.com/Content/files/ProductImages/grim-reaper-fly-bp.jpg?width=1000&height=800&mode=max","The Fly Fishers shop product photo of Pat Ehlers' Grim Reaper, clear side profile","ok"
"Grocery Fly","grocery-fly.jpg","","baitfish","https://www.saltwaterflies.com/ep_roosterfish_sardina.jpg","SaltwaterFlies.com — Enrico's Roosterfish Sardina baitfish, closest match to Grocery Fly profile","ok"
"GT Brush Fly","gt-brush-fly.jpg","Tim Babich / FlyCastaway (Tan variant originator); broader GT brush tradition via South African Indian Ocean guides","baitfish","https://www.ashlandflyshop.com/cdn/shop/products/IMG_0121_2000x.jpg?v=1524179272","Ashland Fly Shop — Giant Trevally GT Brush Fly, high-resolution clean background","ok"
"GT Bus Ticket","gt-bus-ticket.jpg","Fulling Mill","baitfish","https://www.fullingmill.com/core/media/media.nl?id=39282&c=3752701&h=ZVOu4h6wg6218dxLHdzdV4G1evAoydxKBd-rMuK5i3INgj7Z","fullingmill.com — official Bus Ticket S6/0 product photo","ok"
"GT Flashy Profile","","","baitfish","","No specific photo found; generic Australian GT fly type without commercial identity","no_url"
"GT Mullet","gt-mullet.jpg","James Christmas","baitfish","https://cdn.shopify.com/s/files/1/0022/7298/5154/products/92545.jpg?v=1547661985","Salt Fly Pro (saltflypro.com) — GT Mullet #6/0, James Christmas / Fulling Mill product listing","ok"
"Gummy Minnow","gummy-minnow.jpg","Blane Chocklett (late 1990s)","baitfish","https://www.saltwaterflies.com/gummyminnow_pearl2.jpg","SaltwaterFlies.com product photo — clean side-profile shot on white/neutral background","ok"
"Gym Sock","gym-sock.jpg","Fulling Mill","baitfish","https://bigtimeflies.com/cdn/shop/products/gym-sock_700x.jpg?v=1669423376","bigtimeflies.com — Gym Sock 4/0 product photo","ok"
"Half and Half","half-and-half.jpg","Bob Clouser","baitfish","https://news.orvis.com/wp-content/uploads/2018/08/halfandhalf.jpg","Orvis News editorial photo of the Half and Half — clean, well-lit angled view","ok"
"Heavy Gabon Deceiver","heavy-gabon-deceiver.jpg","","baitfish","https://cdn11.bigcommerce.com/s-yjvvzszzfj/images/stencil/500x659/products/15802/21357/Deceiver-HD-Salt__23135.1613499828.jpg?c=2","Umpqua Feather Merchants — Deceiver HD Salt","ok"
"Hollow Fleye","hollow-fleye.jpg","Bob Popovics","baitfish","https://cdn.shopify.com/s/files/1/1865/3837/files/FFF-Bucktail-Hollow-Fleye-1_1024x1024.jpg?v=1679085829","All Points Fly Shop — Bucktail Hollow Fleye editorial product photo, sharp and well-lit","ok"
"Hot-Legs Crazy Charlie","","Fish-Bones Fly Fishing (Grand Cayman)","shrimp","","No specific Hot-Legs Crazy Charlie image found; Fish-Bones Cayman website not accessible; generic Crazy Charlie available but not an exact match","no_url"
"Indo-Pacific Triggerfish Crab","indo-pacific-triggerfish-crab.jpg","","crab","https://flyfishingmaldives.com/wp-content/uploads/2021/07/transparent-crab-maldives-fly-1024x768.jpg","flyfishingmaldives.com — crab fly for Maldives triggerfish and permit","ok"
"Isla Blanca Killer","","","crab","","No specific photo found; Honduras local guide pattern not commercially photographed","no_url"
"James Sand Prawn","","James Christmas (Alphonse Fishing Co., c. 2013)","shrimp","","No specific James Sand Prawn product image found in retail databases (SaltFlyPro, BigTimeFLies, Flycastaway) — specialist Alphonse pattern with limited commercial distribution","no_url"
"KIFF Pop Star","kiff-pop-star.png","KIFF Flies (designed for Seychelles guides, c. 2018)","popper","http://nervouswater.com.au/cdn/shop/products/Popstars_1200x1200.png?v=1675397707","nervouswater.com.au — KIFF PopStar Poppers official product photo","ok"
"Kinky Muddler (large sand eel/baitfish)","kinky-muddler-large-sand-eel-baitfish.jpg","","baitfish","https://calflyfisher.com/wp-content/uploads/2024/05/sadil_scott_feb2023_at_the_vise_1-1045x437.jpg","California Fly Fisher magazine at-the-vise feature photo of finished Kinky Muddler","ok"
"Kraken Crab","","Alphonse Fishing Company / Blue Safari guides (Seychelles)","crab","","No specific photo found; Seychelles guide fly with limited commercial distribution","no_url"
"Kung Fu Crab","","","crab","","No product image found; Fly Fishing Caribe website returned no imagery; not present in US retail fly shop databases searched","no_url"
"Kwan","kwan.jpg","Steve Farrar","shrimp","https://orlandooutfitters.com/cdn/shop/products/foxy-kwan-bc-2.jpg?v=1539707123","Orlando Outfitters — Foxy Kwan variant product photo on white background","ok"
"Large Mullet Imitation (White/Tan Baitfish)","","","baitfish","","No specific named-pattern photo found; pattern is a descriptive category rather than a named commercial fly","no_url"
"Large Pink Shrimp","","","shrimp","","No specific photo found; Nicaragua regional guide pattern not commercially photographed","no_url"
"LC Fiddler (Lowcountry Fiddler Crab)","","John H. Holbrook (Beaufort, SC, circa 2007)","crab","","No specific LC Fiddler image found; local Beaufort SC guide pattern with minimal commercial photography or retail listings","no_url"
"LC Shrimp (Lowcountry Shrimp)","lc-shrimp-lowcountry-shrimp.jpg","John H. Holbrook (Beaufort, SC, circa 2006)","shrimp","https://i.ytimg.com/vi/nir-j6xVLdM/hq720.jpg?sqp=-oaymwEhCK4FEIIDSFryq4qpAxMIARUAAAAAGAElAADIQj0AgKJD&rs=AOn4CLARAW7ftOKgnbY9a5PkdWt3EfX4Eg","YouTube — Low Country Shrimp fly tying tutorial video still","ok"
"Lee's Ghost Shrimp","lees-ghost-shrimp.png","Dron Lee","shrimp","https://www.saltyflytying.com/cdn/shop/products/bonefish-flies-abaco-preview-7_1024x1024@2x.png?v=1599853504","SaltyFlyTying.com — Bonefish Flies Abaco eBook chapter preview","ok"
"Lefty's Deceiver","leftys-deceiver.jpg","Lefty Kreh (late 1950s)","streamer","https://upload.wikimedia.org/wikipedia/commons/4/42/Lefty%27s_Deceiver_01.jpg","Wikipedia Commons — high-resolution photo of Lefty's Deceiver, clean white background, classic example","ok"
"Longfin Jack Streamer","","","baitfish","","No specific photo found; Gabon regional streamer without commercial identity","no_url"
"Los Roques Minnow","los-roques-minnow.jpg","","baitfish","https://www.fullingmill.com/92515.jpg","Fulling Mill official product photo — clean neutral-background studio shot of the named pattern","ok"
"Los Roques Tarpon Minnow","los-roques-tarpon-minnow.jpg","","baitfish","https://www.fullingmill.co.uk/3041.jpg","Fulling Mill UK official product photo — clean studio shot of the named Los Roques Tarpon Minnow pattern","ok"
"Lowcountry Fiddler Crab (Felt Crab)","","Capt. David Edens (St. Simons Island, GA)","crab","","No image found; local Georgia guide pattern not in commercial retail databases or editorial photography","no_url"
"Magnetic Minnow","magnetic-minnow.webp","","baitfish","https://www.superflies.com/wp-content/uploads/2020/05/gt-slim-superflies_jpg.webp","Superflies.com product photo of Magnetic Minnow GT fly, clean background, clear side profile","ok"
"Mangrove Jack Deceiver","mangrove-jack-deceiver.jpg","","baitfish","https://jacksonholeflycompany.com/cdn/shop/products/red-white-deceiver-or-jackson-hole-fly-company_grande.jpg?v=1719959090","jacksonholeflycompany.com — red/white Deceiver saltwater fly","ok"
"Mantis Shrimp","mantis-shrimp.jpg","","mantis","https://fishtalesflyshop.com/cdn/shop/files/rays_flies_v_mantis_shrimp_bead_chain_light_saltwater_fly_tan.jpg?v=1731269607&width=900","Fish Tales Fly Shop — Ray's V Mantis Shrimp clean product shot on white","ok"
"Marabou Fleeing Crab","","FlyCastaway guides (St Brandon's, c. 2018)","crab","","No specific photo found; proprietary FlyCastaway guide pattern with no commercial photography found","no_url"
"Marsh Creature","","Capt. Conner Bryant (Tidal Waters Guide Service)","streamer","","No image found; local SC guide pattern not commercially photographed or in retail databases","no_url"
"McCrab","mccrab.jpg","","crab","https://blog.saltyflytying.com/wp-content/uploads/2013/01/IMG_8744.jpg","Salty Fly Tying blog — The McCrab fly tying recipe, finished fly photo","ok"
"McVay Gotcha","mcvay-gotcha.jpg","Jim McVay (Andros, Bahamas, c. 1980s)","shrimp","https://i0.wp.com/www.finham.com/wp-content/uploads/2023/03/McVay-Gotcha-Pink-scaled-e1686255150567.jpg?fit=501%2C350&ssl=1","Finham fly shop product photo — McVay Gotcha in Pink, clear side profile against clean background","ok"
"Meko Special","meko-special.jpg","Omeko Glinton","shrimp","https://globalflyfisher.com/sites/default/files/imported_pictures/meko-special.jpg","globalflyfisher.com — Meko Special bonefish fly pattern photo","ok"
"Merkin Crab (Long Arm)","merkin-crab-long-arm.webp","Del Brown (Florida Keys, c. 1980s)","crab","https://assets.orvis.com/is/image/orvisprd/29KX009W_?wid=1024&src=is($object$:1-1)&qlt=85&resMode=sharp2&op_usm=1.75,0.3,2,0","Orvis product photo — Merkin Crab permit fly, clean professional image on white","ok"
"Milkfish Plankton Fly","milkfish-plankton-fly.jpg","Saltwater Flies Australia (SWFA)","attractor","https://cdn11.bigcommerce.com/s-yjvvzszzfj/images/stencil/500x659/products/11874/11435/MilkfishSnackGerbec02_119__80073.1574090227.jpg?c=2","Umpqua Feather Merchants — Milkfish Snack (Gerbec)","ok"
"Milkfish Snack","milkfish-snack.jpg","Umpqua Feather Merchants (tier)","other","https://cdn11.bigcommerce.com/s-yjvvzszzfj/images/stencil/1280x1280/products/11874/11435/MilkfishSnackGerbec02_119__80073.1574090227.jpg?c=2","Umpqua Feather Merchants official product photo — clean white-background product shot of the named pattern","ok"
"Milky Dream","milky-dream.png","Arno Matthee (Alphonse Island, Seychelles)","attractor","https://mtyonder.com/cdn/shop/files/FSMilkyDream.png?v=1768601908&width=1080","Mt. Yonder Fly Fishing product photo of FS Milky Dream, clean white background, excellent profile view","ok"
"Millhouse Tarpon Shrimp","millhouse-tarpon-shrimp.jpg","Andy Mill","shrimp","https://www.fullingmill.com/w94677xx.jpg","Fulling Mill official product photo — clean studio shot showing the Millhouse Tarpon Shrimp Tan pattern","ok"
"Millhouse Tarpon Toad","millhouse-tarpon-toad.jpg","Andy Mill","streamer","https://redsflyfishing.com/cdn/shop/files/tarpontoad_b6b2f57e-f923-4c37-8e7e-b585818a8008_1224x668.jpg?v=1705868318","Red's Fly Fishing shop product photo — named Millhouse Tarpon Toad by Fulling Mill, clear fly photo","ok"
"Mushmouth","mushmouth.jpg","Dave Skok","baitfish","https://cdn11.bigcommerce.com/s-yjvvzszzfj/images/stencil/1280x1280/products/16416/16399/Mushmouth_Skok_CharWht__16188.1574280026.jpg?c=2","Umpqua Feather Merchants — Mushmouth official product photo on white background","ok"
"Needlefish","needlefish.jpg","","streamer","https://cdn11.bigcommerce.com/s-2iqsrmv4m0/images/stencil/original/products/483/835/needlefish-aqua-green__72129__03951.1544756061.jpg?c=2","Reel Flies — Needlefish Fly Aqua Green, clean product photo","ok"
"Norman's Crab","normans-crab.webp","Aaron Adams (Bonefish & Tarpon Trust scientist)","crab","https://i.vimeocdn.com/video/231636580-08514d4d7b11982c9ce0623f8648d442f6d735c4394661f8cf504b5b91ef4c24-d?f=webp","BonefishHawaii.com — video still specifically captioned 'Norman's Crab' in context of Hawaii bonefish flies","ok"
"Nubian Spaghetti","","Robert Pljuscec / Wild Sea Expedition (December 2020, Shambaya Flat, Sudan)","worm","","No image found; brand-new regional pattern from a single expedition with no commercial photography or retail presence","no_url"
"NYAP (Not Your Average Popper)","nyap-not-your-average-popper.webp","James Christmas","popper","https://bearsden.com/cdn/shop/files/NYAP_1280x1280_8d29f39d-8bf5-405c-a97b-b75d26c5117e.webp?v=1697131519&width=1080","Bear's Den Fly Fishing Co. product photo — NYAP popper on clean white background, clear profile","ok"
"Openshaw's Ghost","openshaws-ghost.jpg","","baitfish","https://saltwaterfliesaustralia.com/cdn/shop/files/OPENSHAWS_WEBSTORE_grande.jpg?v=1759279365","saltwaterfliesaustralia.com — Openshaw's Ghost Fly official product photo","ok"
"Palolo Worm","palolo-worm.jpg","Jack Gartside","worm","https://www.jackgartside.com/images/flies/tarpon_palolo_worm200h.jpg","jackgartside.com — the originator's own website, specifically titled 'Jack Gartside's Palolo Worm'","ok"
"Paradise Cockroach","paradise-cockroach.jpg","","streamer","https://www.tailflyfishing.com/wp-content/uploads/2022/08/IMG_4600-scaled.jpg","Tail Fly Fishing Magazine — Tarpon Cockroach, high-quality editorial photo of finished fly","ok"
"Pearl Brush Fly","pearl-brush-fly.webp","","baitfish","https://www.superflies.com/wp-content/uploads/2024/03/seychelles-gt-flies-giant-trevally-cosmoledo-superflies.jpeg.webp","Superflies.com — Seychelles GT flies editorial showing pearl/brush flies in context","ok"
"Pencil Popper","pencil-popper.jpg","","popper","https://www.louisianasportsman.com/wp-content/uploads/2019/08/Pencil-Popper-1-678x381.jpg","Louisiana Sportsman editorial photo — Pencil Popper fishing lure/fly","ok"
"Peterson's Spawning Shrimp","petersons-spawning-shrimp.jpg","Craig Mathews","shrimp","https://redsflyfishing.com/cdn/shop/products/809E00_1024x679.jpg?v=1661893853","Red's Fly Fishing product photo of Peterson's Spawning Shrimp — clean side profile","ok"
"Peyote Palolo","peyote-palolo.jpg","Drew Chicone","worm","https://cdn.shoplightspeed.com/shops/607904/files/69352669/peyote-palolo-worm.jpg","Florida Keys Outfitters shop product photo — clean square-format product image of the named Peyote Palolo Worm","ok"
"Pillow Talk","pillow-talk.png","Wayne Haselau","shrimp","https://flymenfishingcompany.com/cdn/shop/files/FSPillowTalk.png?v=1746713563&width=1080","Flymen Fishing Company — Pillow Talk product photo, clean 1:1 white background","ok"
"Pink Mini Puff","pink-mini-puff.jpg","","attractor","https://redsflyfishing.com/cdn/shop/products/11852-large_875x700.jpg?v=1693687142","Red's Fly Shop product photo of RIO's Mini Puff bonefish fly, clean background","ok"
"Pink Thing","","Graham White (early 1980s)","streamer","","No specific photo found; iconic Australian pattern not commercially catalogued internationally","no_url"
"Pink/White Pacific Billfish Streamer","pink-white-pacific-billfish-streamer.jpg","","streamer","http://saltflypro.com/cdn/shop/products/MarlinfliesSailfishpinkwhite.jpg?v=1646152513","Salt Fly Pro shop product photo — pink/white marlin and sailfish fly, clean studio shot matching the described color class","ok"
"Popper (Big Game Crease / Pop Star)","","","popper","","No specific 'Big Game Crease / Pop Star' brand image found; generic crease fly available (Spratz Popper) but not this specific pattern","no_url"
"Pretorius Semper Squid","pretorius-semper-squid.jpg","Christian Pretorius","baitfish","https://www.superflies.com/wp-content/uploads/2024/11/PretoriusSemperSquid-Superflies.jpg","Superflies.com — Pretorius Semper Squid official product photo, clean background","ok"
"Puglisi Diver","puglisi-diver.jpg","Enrico Puglisi","streamer","https://bearsden.com/cdn/shop/products/00FL-DWD-20_jpg.jpg?v=1672338965&width=1080","Bear's Den — Enrico Puglisi EP Diver, clean white background product photo","ok"
"Puglisi Sardine","puglisi-sardine.jpg","Enrico Puglisi","baitfish","https://www.finandfire.com/cdn/shop/products/EPRoosterFishSardina_5000x.jpg?v=1645923356","Fin and Fire product photo — EP Roosterfish Sardina on clean white background, detailed side view","ok"
"Puglisi Shrimp","puglisi-shrimp.jpg","Enrico Puglisi","shrimp","https://b2396269.smushcdn.com/2396269/wp-content/uploads/2020/11/DSC_1791-1024x680.jpg?lossy=0&strip=1&webp=1","Fat Fingered Fly Tyer — EP Shrimp fly step-by-step, finished product clearly shown","ok"
"Purple Death","purple-death.jpg","","streamer","https://www.customsaltwaterflies.com/cdn/shop/products/TP001F_1024x1024.JPG?v=1571436934","Custom Saltwater Flies product photo of Andino Tarpon in Purple Death color, clear fly profile","ok"
"Purple/Black Pacific Billfish Streamer","purple-black-pacific-billfish-streamer.jpg","","streamer","http://saltflypro.com/cdn/shop/files/00IN-PO-BP-40.jpg?v=1755052222","Salt Fly Pro shop product photo — EP-style black/purple offshore fly in clean studio format, representative of this color class","ok"
"Purple/Black Shrimp (Large)","","","shrimp","","No specific named commercial pattern found; search returned similar but not identical patterns","no_url"
"Queenfish Crease Fly","queenfish-crease-fly.jpg","","popper","https://cdn11.bigcommerce.com/s-yjvvzszzfj/images/stencil/500x659/products/11492/10763/Creasefly_black__09152.1574077662.jpg?c=2","Umpqua Feather Merchants — Crease Fly (Black)","ok"
"Raghead Crab","raghead-crab.jpg","Jan Isley (Yucatán)","crab","https://cdn11.bigcommerce.com/s-yjvvzszzfj/images/stencil/1280x1280/products/16175/16206/Rag_Head_Crab_Tan__47072.1574278458.jpg?c=2","Umpqua Feather Merchants — Rag Head Crab official product photo on white","ok"
"Ratliff's Fiddlestick Crab","","Ratliff (origin: SE US coastal guides)","crab","","No image found; regional SE US guide pattern not in commercial retail databases; Ratliff is a guide-tier not a commercial brand","no_url"
"Rattlesnake","rattlesnake.jpg","","attractor","https://fatfingeredflytyer.com/wp-content/uploads/2020/08/step-6-final.jpg","Fat Fingered Fly Tyer — Redfish Rattle Fly step-by-step, finished fly photo on clean background","ok"
"Rattling Fat Boy","rattling-fat-boy.jpg","Saltwater Flies Australia (SWFA)","baitfish","https://saltwaterfliesaustralia.com/cdn/shop/files/FATBOY10CHARTWEB_1800x1800.jpg?v=1723164639","saltwaterfliesaustralia.com — Rattling Fat Boy Fly SL12 product photo","ok"
"Redfish Crack","redfish-crack.jpg","","shrimp","https://cdn.shoplightspeed.com/shops/618341/files/42572424/joshs-redfish-crack-fly.jpg","Royal Treatment Fly Fishing shop photo of Redfish Crack fly — clean close-up on white","ok"
"Redfish Worm","redfish-worm.jpg","","worm","https://www.jackgartside.com/images/flies/redfishworms2.jpg","JackGartside.com — Jack Gartside's Redfish Worm, originator's site, direct fly photo","ok"
"Reef Popper (Coral Reef GT)","reef-popper-coral-reef-gt.jpg","","popper","https://cdn11.bigcommerce.com/s-yjvvzszzfj/images/stencil/500x659/products/11793/19607/Saltwater_Popper_RedWht__79991.1585596635.jpg?c=2","Umpqua Feather Merchants — Saltwater Popper (Red/White)","ok"
"River Monster (Captain Sullivan's)","river-monster-captain-sullivans.jpg","Capt. Jason Sullivan","streamer","https://news.orvis.com/wp-content/uploads/2021/11/sully3.jpg","Orvis News editorial article — '3 Guide-Tested Patterns for Everglades National Park'","ok"
"Ruoff's Laid-Up Tarpon Fly","ruoffs-laid-up-tarpon-fly.jpg","Rick Ruoff","streamer","https://cdn.shoplightspeed.com/shops/607904/files/7920434/laid-up-tarpon-fly-ruoff.jpg","Florida Keys Outfitters shop product photo — named 'Laid Up Tarpon Fly, Ruoff', clean product shot","ok"
"Sailfish Fly (Tandem Tube)","sailfish-fly-tandem-tube.jpg","","baitfish","https://cdn.shopify.com/s/files/1/0022/7298/5154/files/BA1019BE-8399-4BDB-BDBA-547A0070B8EA.jpg?v=1715466673","Salt Fly Pro (saltflypro.com) — Sailfish Fly Pink #6/0 Tube Fly product listing, Flymen Fishing Company","ok"
"Schminnow","schminnow.jpg","Norm Zeigler","baitfish","https://baxterhouseflyfishing.com/cdn/shop/files/20240322_122923_1445x.jpg?v=1711128477","Baxter House Fly Fishing — Schminnow #4 baitfish fly, clean background product photo","ok"
"Seaducer","seaducer.jpg","Homer Rhodes (1940s)","streamer","https://cdn.shopify.com/s/files/1/1906/0729/products/seaducer-tan-2_1024x1024.jpg?v=1548710526","Orlando Outfitters product photo of Seaducer in tan — clean white background, clear side profile","ok"
"Semper Fly","semper-fly.jpg","Bob Popovics","baitfish","https://intoflyfishing.com/wp-content/uploads/2020/08/Semper_complete_fly.jpg","Into Fly Fishing — Semper fly step-by-step, professional finished fly photograph","ok"
"Senegal Kob Shrimp","","","shrimp","","No specific named pattern photo found for this regional Gabon specialist fly","no_url"
"Shaughnessy's Nyacca Baitfish","shaughnessys-nyacca-baitfish.jpg","James Shaughnessy (Beulah / FlyFishMex)","baitfish","https://bearsden.com/cdn/shop/files/nyacca_yellow_1800x1800.jpg?v=1761755807","Bear's Den Fly Shop product photo of MFC Shaughnessy's Nyacca Baitfish in yellow, clean white background","ok"
"Shrimpy (Captain Sullivan's)","shrimpy-captain-sullivans.jpg","Capt. Jason Sullivan","shrimp","https://news.orvis.com/wp-content/uploads/2021/11/sully1.jpg","Orvis News — Captain Sullivan's Shrimpy guide fly, editorial Everglades pattern feature","ok"
"Simple Shrimp","","Fish-Bones Fly Fishing (Grand Cayman)","shrimp","","No specific photo found; proprietary Fish-Bones Cayman pattern not found in commercial databases","no_url"
"Simram","simram.jpg","Rick Simonsen","shrimp","https://www.saltwaterflies.com/simram_bc_eye.jpg","SaltwaterFlies.com dedicated Simram product page — clear side profile of the Simram fly","ok"
"Snapper Bunker (Cubera Pattern)","","","baitfish","","No specific Snapper Bunker (Cubera Pattern) image found; a category description rather than a named commercial pattern","no_url"
"Snook Slider","snook-slider.jpg","","slider","https://www.saltwaterflies.com/slider_fly_chartreuse_red.jpg","SaltwaterFlies.com — Snook Slider in chartreuse/red, clean side profile on white","ok"
"Snook-A-Roo","snook-a-roo.jpg","","slider","https://tfs-spaces.sfo2.digitaloceanspaces.com/theflyshop/uploads/2020/12/Snookaroo_Fly.jpg","The Fly Shop Belize guide article photo of Snook-A-Roo, high-quality clear side profile","ok"
"Spam & Eggs","spam-eggs.jpg","Coach Duff (guide, Oahu)","mantis","https://i0.wp.com/ssflies.com/wp-content/uploads/2018/11/415.jpg?fit=800%2C532&ssl=1&w=640","SSFlies.com shop product page — clean photo labeled 'Spam & Eggs', good side-profile of the named pattern","ok"
"Spawning Shrimp","spawning-shrimp.jpg","Eric Peterson","shrimp","https://www.flyfishbonehead.com/wp-content/uploads/2015/06/petersons-spawning-shrimp-flyfishbonehead-fly-tying-videos-and-saltwater-flies.jpg","Fly Fish Bonehead — Peterson's Spawning Shrimp fly tying feature, clean pattern photo","ok"
"Spongebob Threadfin Slider","spongebob-threadfin-slider.jpg","Conrad Botes (2015)","baitfish","http://feathersandflouro.files.wordpress.com/2013/12/sbsliders-lres.jpg","The Mission Fly Fishing Magazine — Sponge Bob Slider tying article photo","ok"
"Spoon Fly","spoon-fly.jpg","","attractor","https://www.saltwatersportsman.com/wp-content/uploads/2021/09/Rainys-Spoon-flies-1024x772.jpg","Salt Water Sportsman editorial — Rainy's Spoon Flies for Redfish, multiple flies displayed","ok"
"Squimp","squimp.jpg","","shrimp","https://saltwateredge.com/cdn/shop/products/90155_2048x.jpg?v=1675870612","Saltwater Edge fly shop product photo of the Squimp — clean well-lit image","ok"
"St. Simons Scampi","st-simons-scampi.jpg","Capt. David Edens (St. Simons Island, GA)","shrimp","https://seaislandflyfishers.org/wp-content/uploads/2021/07/Dave_Edens_Scampi_RedFish_Fly2-1024x683.jpg","Sea Island Fly Fishers — Dave Edens St. Simons Scampi RedFish Fly","ok"
"Strip Tease (Sparkplug)","","Dick Brown (attributed)","shrimp","","No specific Strip Tease / Sparkplug image found; Fish-Bones Cayman site not accessible; Dick Brown boneflystore.com no longer operational","no_url"
"Strong Arm Merkin","strong-arm-merkin.jpg","Dave Skok (c. 2019)","crab","https://cdn11.bigcommerce.com/s-yjvvzszzfj/images/stencil/1280x1280/products/17088/19735/Strong-Arm-Merkin-Tan__99837.1585753845.jpg?c=2","Umpqua Feather Merchants — Strong Arm Merkin product photo, white background","ok"
"Stu Apte Tarpon Fly","stu-apte-tarpon-fly.jpg","Stu Apte","streamer","https://www.tietheflies.com/fly-tying/recipes/apte-tarpon-fly/images/full/Apte-Tarpon-Fly-TgoeHd7r-1603248770.jpg","Tie the Flies recipe page photo of Stu Apte Tarpon Fly, high-resolution clear side view","ok"
"Surf Candy","surf-candy.webp","Bob Popovics","baitfish","https://assets.orvis.com/is/image/orvisprd/1X13089W_?wid=1024&src=is($object$:1-1)&qlt=85&resMode=sharp2&op_usm=1.75,0.3,2,0","Orvis — Surf Candy Saltwater Baitfish Fly official product photo on white","ok"
"Tarpon Bunny","tarpon-bunny.jpg","","streamer","https://www.tietheflies.com/fly-tying/recipes/tarpon-bunny/images/full/Tarpon-Bunny-2.jpg","Tie the Flies — Tarpon Bunny fly recipe, high-resolution finished fly photo","ok"
"Tarpon Toad","tarpon-toad.jpg","Gary Merriman","streamer","https://cdn11.bigcommerce.com/s-yjvvzszzfj/images/stencil/1280x1280/products/11882/29965/Tarpon-Toad-Char__43731.1720643112.jpg?c=2","Umpqua Feather Merchants official product photo of Tarpon Toad on clean white background","ok"
"The Usual","the-usual.jpg","Fish-Bones Fly Fishing (Grand Cayman)","shrimp","https://www.fish-bones.com/wp-content/uploads/2018/02/HotUsual-800px.jpg","fish-bones.com — The Usual Cayman bonefish fly official page photo","ok"
"Toad","toad.jpg","Tim Borski","shrimp","http://static1.squarespace.com/static/58c4d56b46c3c4e3b22e035c/58c4e1886a4963946ca1a2a5/590d4e00db29d6aee91b5c0e/1774535273304/Texas+Toad+-+Group+3+1500.jpg?format=1500w","Sight Cast Fishing Company — Texas Toad group product shot, multiple colorways clean white background","ok"
"Turneffe Crab","turneffe-crab.jpg","","crab","https://www.saltwaterflies.com/turneffe_crab_olive_cream.jpg","SaltwaterFlies.com product photo of Turneffe Crab in olive/cream, clean side-profile view","ok"
"Velcro Crab","velcro-crab.webp","Winston Moore","crab","https://www.superflies.com/wp-content/uploads/2022/03/velcro-crab-tan-belly-orange-back-superflies_jpg.webp","Superflies.com — Velcro Crab tan/orange professional product photo","ok"
"Veverka Mantis Shrimp","veverka-mantis-shrimp.jpg","Bob Veverka","mantis","https://www.saltwaterflies.com/veverkas_mantis.jpg","SaltwaterFlies.com — Bob Veverka's Mantis Shrimp, product photo on plain background","ok"
"Wahoo Needlefish","wahoo-needlefish.jpg","","baitfish","https://cdn11.bigcommerce.com/s-yjvvzszzfj/images/stencil/500x659/products/16924/16715/ka-cudda-med__18648.1574359633.jpg?c=2","Umpqua Feather Merchants — Ka-Cudda (Barracuda/Needlefish pattern)","ok"
"Wayne's Milky Magic","waynes-milky-magic.jpg","Wayne Haselau","attractor","https://bigtimeflies.com/cdn/shop/files/waynes-milky-magic.jpg?v=1742605664","BigTime Flies product photo of Wayne's Milky Magic — clean close-up on white background","ok"
"Weapon of Mass Destruction (WMD)","weapon-of-mass-destruction-wmd.jpg","Alec Gerbec","shrimp","https://themissionflymag.com/wp-content/uploads/2023/07/WMD-tan-small.jpg","The Mission Fly Mag — WMD fly pattern in tan, dedicated article photo of finished fly","ok"
"Webster's Shrouser","","","shrimp","","No image found; Webster's Shrouser is a regional pattern documented through guide recommendations but not in commercial retail photography","no_url"
"Whitlock's Sheep Fly","whitlocks-sheep-fly.gif","Dave Whitlock","streamer","https://www.flyfisherman.com/files/2012/09/Sheep.gif","Fly Fisherman magazine article photo of Whitlock Sheep Minnow/Sheep Fly, side profile","ok"
